5,bleu,Description de la section...,defaultSection.png,4
6,test,Description de la section...,defaultSection.png,6
10,test2,Description de la section...,defaultSection.png,6
11,bleu2,Description de la section...,defaultSection.png,4
12,test3,Description de la section...,defaultSection.png,6
13,red,Description de la section...,defaultSection.png,6
16,test,Description de la section...,defaultSection.png,4
17,sdgsdgqds,Description de la section...,defaultSection.png,4
19,Section Violette,Description de la section...,defaultSection.png,4
21,Toto,Description de la section...,defaultSection.png,6
23,Toto,Description de la section...,defaultSection.png,4
24,testSection,Description de la section...,defaultSection.png,4
25,test,Description de la section...,defaultSection.png,4
26,ddd,Description de la section...,defaultSection.png,4
27,dddd,Description de la section...,defaultSection.png,4
28,dddd,Description de la section...,defaultSection.png,4
29,dddd,Description de la section...,defaultSection.png,4
30,ppp,Description de la section...,defaultSection.png,4
31,testbdd,Description de la section...,defaultSection.png,4
32,ccc,Description de la section...,defaultSection.png,6
33,testbddbis,Description de la section...,defaultSection.png,22
62,cccc,Description de la section...,defaultSection.png,4
63,ccc,Description de la section...,defaultSection.png,4
